{"cameraMode":{"drawMode":0,"name":"Shaded","section":"Shading Mode"},"sceneLighting":true,"audioPlay":false,"sceneViewState":{"showFog":true,"showMaterialUpdate":false,"showSkybox":true,"showFlares":true,"showImageEffects":true,"showParticleSystems":true},"in2DMode":false,"pivot":{"x":775.465576171875,"y":450.1095275878906,"z":-59.8875732421875},"rotation":{"x":0.03446681424975395,"y":-0.13865725696086884,"z":0.004828184377402067,"w":0.9897318482398987},"size":1066.855224609375,"orthographic":false}